{
    "optimization_run": 1,
    "optimal_weights": [
        2.649341551065003e-16,
        1.9727977956018215e-12,
        6.255510183558251e-16,
        2.042881844075141e-16,
        1.8291869448186816e-16,
        5.544901743384183e-15,
        5.121042589653843e-16,
        1.8325492908758737e-16,
        2.0662059450125357e-14,
        2.5854247571404495e-16,
        1.3434032935436477e-16,
        5.703971099530251e-16,
        2.6771015106048064e-16,
        3.261282937135144e-16,
        0.9999999999999941,
        3.9460829298362437e-16,
        5.556448125419913e-16,
        1.42194339121933e-16,
        5.6680743171342384e-14,
        1.012039956546544e-16,
        3.5802323010226856e-17,
        3.7161845910510085e-16,
        1.7443226618902642e-16,
        1.83353210269607e-16,
        4.551339484129591e-16,
        2.881637039247143e-16,
        3.59021423795302e-16,
        2.7377257970162804e-16,
        3.3717865674501395e-16,
        3.853522151464256e-16,
        3.200095788936705e-16,
        2.252457082306991e-16,
        3.245704443355184e-16,
        3.4067089509533625e-17
    ],
    "expected_return": 0.0004606817938194468,
    "SCR_risk": -857.1979006893674,
    "risk_measure": "CVaR"
}